id,hash_id,country,name,phone,whtsapp,email,dikshit,marital_status,state,district,tehsil,address,interest,occupation,education,dob,aniver_date,message,pic,dt
1,,ssda,ddeep,909090878,909090878,yatfa@gmail.com,,ni,,yhh,ereer,edwe,sfsffer,geetrte,gegrretrg,0000-00-00,0000-00-00,,,
2,,India,Ankit,8930840561,909090879,ankitbkana@outlook.com,No,Unmarried,Haryana,Yamunanagar,Radaur,VPO bakana,?????? ???? ????,Private Job,Post Graduation,0000-00-00,0000-00-00,,,
3,,India,Ankit,8930840560,909090880,ankitbkana@outlook.com,No,Unmarried,Haryana,Yamunanagar,Radaur,VPO bakana,?????? ???? ????,Private Job,Post Graduation,0000-00-00,0000-00-00,,,
4,,India,Ankit,8930840564,909090881,ankitbkana@outlook.com,No,Unmarried,Haryana,Yamunanagar,Radaur,VPO bakana,?????? ???? ????,Private Job,Post Graduation,0000-00-00,0000-00-00,,,
5,,india,Ankit,8930840566,909090882,ankitbkana@outlook.com,no,no,haryana,ynr,rdr,bk,NO,no,khh,0000-00-00,0000-00-00,,,
6,,india,Ankit,8930840567,909090883,ankitbkana@outlook.com,no,no,haryana,ynr,rdr,bk,NO,no,khh,0000-00-00,0000-00-00,,,
7,,india,Ankit,8930840568,909090884,ankitbkana@outlook.com,no,no,haryana,ynr,rdr,bk,NO,no,khh,0000-00-00,0000-00-00,,,
8,,india,Ankit,8930840569,909090885,ankitbkana@outlook.com,no,no,haryana,ynr,rdr,bk,NO,no,khh,0000-00-00,0000-00-00,,,
9,,india,Ankit,8930840570,909090886,ankitbkana@outlook.com,no,no,haryana,ynr,rdr,bk,NO,no,khh,0000-00-00,0000-00-00,,,
10,,india,Ankit,8930840571,909090887,ankitbkana@outlook.com,no,no,haryana,ynr,rdr,bk,NO,no,khh,0000-00-00,0000-00-00,,,
11,,india,Ankit,8930840572,909090888,ankitbkana@outlook.com,no,no,haryana,ynr,rdr,bk,NO,no,khh,0000-00-00,0000-00-00,,,
